股票代码,股票名称
N四会,300852
N新强联,300850
沪硅产业-U,688126
泽璟制药-U,688266
赛诺医疗,688108
申联生物,688098
天智航-U,688277
洁特生物,688026
昊海生科,688366
八亿时空,688181
传音控股,688036
鸿泉物联,688288
硕世生物,688399
微芯生物,688321
金山办公,688111
华润微,688396
三友医疗,688085
大康农业,002505
扬子新材,002652
新湖中宝,600208
浙江永强,002489
拓日新能,002218
汉缆股份,002498
巴安水务,300262
首钢股份,000959
五洋停车,300420
康芝药业,300086
展鹏科技,603488
江南高纤,600527
奥特佳,002239
林洋能源,601222
雅本化学,300261
中文在线,300364
东易日盛,002713
新宁物流,300013
瑞丰光电,300241
誉衡药业,002437
东华能源,002221
吉翔股份,603399
酷特智能,300840
启明信息,002232
宁波东力,002164
新五丰,600975
东凌国际,000893
飞亚达,000026
首都在线,300846
秦安股份,603758
华灿光电,300323
葫芦娃,605199
佳华科技,688051
宏辉果蔬,603336
好想你,002582
万向德农,600371
国统股份,002205
南国置业,002305
兴业股份,603928
禾丰牧业,603609
兄弟科技,002562
海顺新材,300501
青龙管业,002457
启明信息,002232
宁波东力,002164
新五丰,600975
东凌国际,000893
飞亚达,000026
首都在线,300846
秦安股份,603758
华灿光电,300323
葫芦娃,605199
佳华科技,688051
宏辉果蔬,603336
好想你,002582
万向德农,600371
国统股份,002205
南国置业,002305
兴业股份,603928
禾丰牧业,603609
兄弟科技,002562
海顺新材,300501
青龙管业,002457
盛屯矿业,600711
福建金森,002679
亿帆医药,002019
东方日升,300118
金健米业,600127
汇金科技,300561
和远气体,002971
东软载波,300183
西部矿业,601168
新疆天业,600075
运达股份,300772
东方钽业,000962
申通地铁,600834
天邦股份,002124
金新农,002548
天康生物,002100
得润电子,002055
华天科技,002185
光力科技,300480
华阳集团,002906
上海沪工,603131
深物业A,000011
伊力特,600197
金达威,002626
新天绿能,600956
华友钴业,603799
中船汉光,300847
安琪酵母,600298
易尚展示,002751
沙河股份,000014
辽宁成大,600739
万业企业,600641
顺鑫农业,000860
云南铜业,000878
雪榕生物,300511
哈高科,600095
蓝帆医疗,002382
建科院,300675
北大荒,600598
恒润股份,603985
中科创达,300496
中宠股份,002891
金银河,300619
亚玛顿,002623
江化微,603078
海汽集团,603069
青鸟消防,002960
森霸传感,300701
捷安高科,300845
天孚通信,300394
智飞生物,300122
嘉澳环保,603822
大元泵业,603757
万泰生物,603392
傲农生物,603363
第一医药,600833
水井坊,600779
华鑫股份,600621
精达股份,600577
凯盛科技,600552
XD安徽建,600502
江淮汽车,600418
健康元,600380
西藏药业,600211
北鼎股份,300824
钢研纳克,300797
一品红,300723
山河药辅,300452
楚天科技,300358
金城医药,300233
豫金刚石,300064
周大生,002867
比亚迪,002594
海南发展,002163
三变科技,002112
岳阳兴长,000819
岭南控股,000524
丰原药业,000153
富奥股份,000030
康华生物,300841
甘李药业,603087
震安科技,300767
英科医疗,300677
艾迪精密,603638
古井贡酒,000596
上海钢联,300226
新易盛,300502
海利生物,603718
坚朗五金,002791
崇达技术,002815
光库科技,300620
丝路视觉,300556
恒林股份,603661
长城证券,002939
莱宝高科,002106
天齐锂业,002466
华兰生物,002007
唐人神,002567
三峡水利,600116
沧州大化,600230
康力电梯,002367
胜蓝股份,300843
中船防务,600685
云南锗业,002428
海得控制,002184
深南电A,000037
冠昊生物,300238
小商品城,600415
双一科技,300690
劲胜智能,300083
银轮股份,002126
鼎龙股份,300054
航天彩虹,002389
富春环保,002479
来伊份,603777
阳普医疗,300030
京新药业,002020
长信科技,300088
沈阳化工,000698
国际医学,000516
凌霄泵业,002884
首商股份,600723
深 赛 格,000058
中船应急,300527
龙泉股份,002671
克明面业,002661
唐德影视,300426
美尔雅,600107
迈得医疗,688310
登海种业,002041
迦南科技,300412
浪莎股份,600137
醋化股份,603968
三祥新材,603663
京能置业,600791
金晶科技,600586
丰乐种业,000713
佳讯飞鸿,300213
亚光科技,300123
龙大肉食,002726
乐惠国际,603076
山东威达,002026
山东高速,600350
派思股份,603318
新界泵业,002532
农尚环境,300536
合肥城建,002208
苏宁易购,002024
广弘控股,000529
承德露露,000848
新农开发,600359
保龄宝,002286
福成股份,600965
旗滨集团,601636
梅花生物,600873
泰林生物,300813
浩物股份,000757
新赛股份,600540
好当家,600467
花王股份,603007
供销大集,000564
农发种业,600313
吉艾科技,300309
宁德时代,300750
京粮控股,000505
豫能控股,001896
平潭发展,000592
光韵达,300227
八一钢铁,600581
中远海能,600026
爱康科技,002610
中泰化学,002092
中核钛白,002145
蒙娜丽莎,002918
文化长城,300089
兆驰股份,002429
鸿路钢构,002541
利尔化学,002258
开立医疗,300633
兔 宝 宝,002043
瑞普生物,300119
海尔生物,688139
圣农发展,002299
杭可科技,688006
祁连山,600720
优博讯,300531
金字火腿,002515
今天国际,300532
国际实业,000159
赛轮轮胎,601058
赣锋锂业,002460
拉芳家化,603630
信立泰,002294
星云股份,300648
鼎捷软件,300378
三聚环保,300072
一汽解放,000800
热景生物,688068
量子生物,300149
嘉必优,688089
伟隆股份,002871
中金环境,300145
片仔癀,600436
奥翔药业,603229
新光药业,300519
正邦科技,002157
南新制药,688189
紫光学大,000526
徐工机械,000425
灵康药业,603669
万年青,000789
日照港,600017
思源电气,002028
杉杉股份,600884
梦洁股份,002397
赢合科技,300457
香梨股份,600506
中环股份,002129
九鼎新材,002201
红旗连锁,002697
裕同科技,002831
二三四五,002195
神农科技,300189
华控赛格,000068
中牧股份,600195
星星科技,300256
乐心医疗,300562
康隆达,603665
新天然气,603393
奥瑞金,002701
晶澳科技,002459
启迪古汉,000590
天和防务,300397
维尔利,300190
普门科技,688389
七彩化学,300758
利欧股份,002131
双星新材,002585
海能达,002583
宁波联合,600051
天威视讯,002238
美年健康,002044
新洋丰,000902
福晶科技,002222
弘高创意,002504
沃森生物,300142
博通股份,600455
盛讯达,300518
金域医学,603882
康尼机电,603111
达刚控股,300103
步长制药,603858
聚辰股份,688123
冠农股份,600251
浙江仙通,603239
爱朋医疗,300753
牧高笛,603908
蓝焰控股,000968
全筑股份,603030
超华科技,002288
德方纳米,300769
盐 田 港,000088
金岭矿业,000655
瑞丰高材,300243
鹭燕医药,002788
东宏股份,603856
科力尔,002892
伊之密,300415
石大胜华,603026
韩建河山,603616
利亚德,300296
粤 水 电,002060
天津普林,002134
深纺织Ａ,000045
安宁股份,002978
银座股份,600858
银信科技,300231
百利科技,603959
天山股份,000877
洪都航空,600316
中国宝安,000009
威 尔 泰,002058
金河生物,002688
日月股份,603218
综艺股份,600770
鹏辉能源,300438
华盛昌,002980
翔港科技,603499
鹏鹞环保,300664
莱克电气,603355
西部牧业,300106
农 产 品,000061
安车检测,300572
古越龙山,600059
顺灏股份,002565
东方中科,002819
茂硕电源,002660
同有科技,300302
美格智能,002881
凯撒旅业,000796
圣达生物,603079
寒锐钴业,300618
宜安科技,300328
海南橡胶,601118
华统股份,002840
中设集团,603018
中电电机,603988
和顺电气,300141
东方集团,600811
隆平高科,000998
保变电气,600550
左江科技,300799
麦格米特,002851
江南化工,002226
辉煌科技,002296
英飞特,300582
兆日科技,300333
博瑞医药,688166
和而泰,002402
中科电气,300035
汉威科技,300007
福莱特,601865
开尔新材,300234
科森科技,603626
扬杰科技,300373
凯众股份,603037
国发股份,600538
奥飞数据,300738
深圳能源,000027
国轩高科,002074
永新股份,002014
新宏泰,603016
梦网集团,002123
美迪西,688202
长电科技,600584
格林美,002340
利民股份,002734
达安基因,002030
湘油泵,603319
中国巨石,600176
三角轮胎,601163
有研新材,600206
海欣食品,002702
正平股份,603843
科华恒盛,002335
光启技术,002625
斯莱克,300382
柳 工,000528
东华测试,300354
益生股份,002458
久其软件,002279
通达动力,002576
莱美药业,300006
泰瑞机器,603289
山推股份,000680
华测导航,300627
甬金股份,603995
立讯精密,002475
宏大爆破,002683
新产业,300832
王子新材,002735
中来股份,300393
杰普特,688025
歌尔股份,002241
星帅尔,002860
赛托生物,300583
金利华电,300069
辉隆股份,002556
国投电力,600886
云图控股,002539
天士力,600535
江苏新能,603693
珠海中富,000659
凯利泰,300326
同兴达,002845
恒邦股份,002237
宁波建工,601789
龙蟒佰利,002601
泰格医药,300347
安 纳 达,002136
深振业Ａ,000006
聚杰微纤,300819
网宿科技,300017
雅化集团,002497
惠达卫浴,603385
怡 亚 通,002183
中国电研,688128
巨化股份,600160
海航科技,600751
长城汽车,601633
欧菲光,002456
常山药业,300255
金刚玻璃,300093
中工国际,002051
久日新材,688199
英搏尔,300681
国药股份,600511
联瑞新材,688300
西藏矿业,000762
三晖电气,002857
澳柯玛,600336
乐凯新材,300446
东方环宇,603706
桃李面包,603866
爱司凯,300521
凯普生物,300639
宏川智慧,002930
证通电子,002197
明阳电路,300739
沃华医药,002107
翠微股份,603123
一拖股份,601038
天能重工,300569
大洋电机,002249
江西铜业,600362
意华股份,002897
新华医疗,600587
双林股份,300100
伯特利,603596
西宁特钢,600117
科达股份,600986
百奥泰-U,688177
尚荣医疗,002551
中新药业,600329
格尔软件,603232
丽珠集团,000513
法兰泰克,603966
孚日股份,002083
中粮科技,000930
森远股份,300210
中国电建,601669
二六三,002467
江龙船艇,300589
富森美,002818
新华制药,000756
神马股份,600810
美联新材,300586
新经典,603096
常青股份,603768
华电能源,600726
洲明科技,300232
通润装备,002150
民和股份,002234
华资实业,600191
南都电源,300068
香雪制药,300147
申达股份,600626
驰宏锌锗,600497
青松股份,300132
四川双马,000935
华夏航空,002928
亚盛集团,600108
一心堂,002727
山西汾酒,600809
国星光电,002449
水晶光电,002273
春兴精工,002547
成都先导,688222
长高集团,002452
拓邦股份,002139
棒杰股份,002634
景峰医药,000908
珈伟新能,300317
苏奥传感,300507
天海防务,300008
长阳科技,688299
智慧松德,300173
南方轴承,002553
北京利尔,002392
际华集团,601718
万方发展,000638
史丹利,002588
得利斯,002330
电工合金,300697
方大炭素,600516
苏 泊 尔,002032
创业环保,600874
中迪投资,000609
武汉控股,600168
雪峰科技,603227
濮阳惠成,300481
长川科技,300604
通产丽星,002243
新宙邦,300037
安记食品,603696
三安光电,600703
华东医药,000963
中广天择,603721
紫金矿业,601899
黔源电力,002039
中设股份,002883
雷柏科技,002577
志邦家居,603801
江苏索普,600746
中环环保,300692
金禾实业,002597
浙江震元,000705
寿仙谷,603896
奇正藏药,002287
西王食品,000639
中飞股份,300489
南京高科,600064
顺威股份,002676
特 力Ａ,000025
海联讯,300277
复星医药,600196
华熙生物,688363
三达膜,688101
金明精机,300281
安泰科技,000969
永艺股份,603600
金龙羽,002882
粤泰股份,600393
欣旺达,300207
神州细胞-U,688520
川仪股份,603100
中公教育,002607
海南矿业,601969
沧州明珠,002108
XD金证股,600446
沃特股份,002886
祥生医疗,688358
正虹科技,000702
恒久科技,002808
华微电子,600360
巨星科技,002444
凯中精密,002823
电子城,600658
铜陵有色,000630
京华激光,603607
TCL科技,000100
淮北矿业,600985
中富通,300560
太阳纸业,002078
海 利 得,002206
达实智能,002421
信捷电气,603416
獐子岛,002069
京基智农,000048
紫晶存储,688086
威胜信息,688100
仙坛股份,002746
侨银环保,002973
苏试试验,300416
国科微,300672
上海梅林,600073
新疆众和,600888
三一重工,600031
永利股份,300230
绿茵生态,002887
天汽模,002510
数字政通,300075
贵研铂业,600459
至正股份,603991
湖南海利,600731
飞龙股份,002536
温氏股份,300498
宁波富达,600724
博天环境,603603
瑞康医药,002589
海量数据,603138
特发信息,000070
立华股份,300761
光莆股份,300632
立思辰,300010
国风塑业,000859
山东路桥,000498
万讯自控,300112
英联股份,002846
罗平锌电,002114
通富微电,002156
吉宏股份,002803
鹏欣资源,600490
新通联,603022
云铝股份,000807
纳思达,002180
多氟多,002407
葵花药业,002737
易天股份,300812
中远海科,002401
天龙集团,300063
广信股份,603599
普莱柯,603566
高新兴,300098
洽洽食品,002557
乐歌股份,300729
音飞储存,603066
光迅科技,002281
河钢资源,000923
煌上煌,002695
天通股份,600330
南山控股,002314
西部创业,000557
冰轮环境,000811
汇金通,603577
瑞松科技,688090
金智科技,002090
金科环境,688466
湘潭电化,002125
深康佳Ａ,000016
桐昆股份,601233
广聚能源,000096
亿利达,002686
金牌厨柜,603180
海普瑞,002399
鸿博股份,002229
丽岛新材,603937
宗申动力,001696
杭叉集团,603298
弘亚数控,002833
圣邦股份,300661
科士达,002518
五 粮 液,000858
利德曼,300289
宁波富邦,600768
彩虹股份,600707
特锐德,300001
鹏翎股份,300375
华自科技,300490
同和药业,300636
雄帝科技,300546
金陵体育,300651
韶钢松山,000717
*ST飞马,002210
罗 牛 山,000735
海王生物,000078
光大证券,601788
山东赫达,002810
爱丽家居,603221
海德股份,000567
星湖科技,600866
四环生物,000518
DR骆驼股,601311
海航基础,600515
华北制药,600812
铜峰电子,600237
亚太实业,000691
楚江新材,002171
环球印务,002799
内蒙一机,600967
尖峰集团,600668
轴研科技,002046
安迪苏,600299
激智科技,300566
润都股份,002923
西水股份,600291
威创股份,002308
卓翼科技,002369
福耀玻璃,600660
智光电气,002169
福达股份,603166
庄园牧场,002910
赞宇科技,002637
中原环保,000544
模塑科技,000700
帝欧家居,002798
天山生物,300313
新 希 望,000876
长城科技,603897
诺德股份,600110
太辰光,300570
回天新材,300041
华星创业,300025
生益科技,600183
*ST东网,002175
万邦德,002082
科力远,600478
*ST升达,002259
智动力,300686
川恒股份,002895
华新水泥,600801
芯能科技,603105
明德生物,002932
众源新材,603527
机器人,300024
东方嘉盛,002889
波导股份,600130
设计总院,603357
南 玻Ａ,000012
友阿股份,002277
合力泰,002217
红塔证券,601236
青岛双星,000599
百达精工,603331
有友食品,603697
*ST胜利,002426
华录百纳,300291
威海广泰,002111
奥普光电,002338
合力科技,603917
名臣健康,002919
国信证券,002736
华特气体,688268
*ST围海,002586
四方达,300179
芭田股份,002170
天鹅股份,603029
今世缘,603369
鲁亿通,300423
*ST鼎龙,002502
*ST天马,002122
紫江企业,600210
*ST晨鑫,002447
两面针,600249
好太太,603848
大豪科技,603025
富临精工,300432
四川路桥,600039
神驰机电,603109
广生堂,300436
安集科技,688019
东方财富,300059
贝因美,002570
中欣氟材,002915
ST浩源,002700
锡业股份,000960
世纪天鸿,300654
道通科技,688208
ST长投,600119
弘讯科技,603015
光线传媒,300251
黑芝麻,000716
顺利办,000606
退市美都,600175
协鑫能科,002015
柳药股份,603368
佩蒂股份,300673
红蜻蜓,603116
奥 特 迅,002227
红墙股份,002809
兖州煤业,600188
ST步森,002569
ST加加,002650
宝光股份,600379
ST昌九,600228
华闻集团,000793
*ST融捷,002192
ST人乐,002336
ST威龙,603779
中能电气,300062
真视通,002771
先锋新材,300163
广东明珠,600382
*ST中华A,000017
广誉远,600771
*ST河化,000953
*ST蓝丰,002513
科恒股份,300340
神工股份,688233
*ST麦趣,002719
*ST宝实,000595
罗博特科,300757
*ST信通,600289
*ST京城,600860
上海莱士,002252
ST慧业,000816
中粮糖业,600737
探路者,300005
*ST飞乐,600651
黄山胶囊,002817
润达医疗,603108
维维股份,600300
佳沃股份,300268
上海洗霸,603200
新莱应材,300260
新农股份,002942
中水渔业,000798
ST南风,000737
西部建设,002302
北摩高科,002985
盛天网络,300494
盛达资源,000603
英 力 特,000635
ST中孚,600595
康缘药业,600557
南岭民爆,002096
智度股份,000676
太极实业,600667
天健集团,000090
*ST东洋,002086
博杰股份,002975
ST华鼎,601113
重庆水务,601158
诺 普 信,002215
捷成股份,300182
川能动力,000155
兴源环境,300266
众业达,002441
欧派家居,603833
海洋王,002724
新世界,600628
宇环数控,002903
人福医药,600079
奥维通信,002231
易明医药,002826
香飘飘,603711
银禧科技,300221
康达新材,002669
天顺风能,002531
远大智能,002689
三夫户外,002780
光大嘉宝,600622
雅运股份,603790
赛微电子,300456
普路通,002769
宏达新材,002211
普利制药,300630
卫星石化,002648
柏楚电子,688188
大禹节水,300021
当升科技,300073
牧原股份,002714
古鳌科技,300551
联得装备,300545
中科曙光,603019
玲珑轮胎,601966
润建股份,002929
三六零,601360
胜利股份,000407
济川药业,600566
百洋股份,002696
吉电股份,000875
中闽能源,600163
亚士创能,603378
天原集团,002386
东土科技,300353
京天利,300399
汤臣倍健,300146
顾家家居,603816
金雷股份,300443
昆药集团,600422
皖维高新,600063
湖南发展,000722
威尔药业,603351
武进不锈,603878
*ST藏格,000408
蓝盾股份,300297
江苏阳光,600220
汉森制药,002412
华谊嘉信,300071
广博股份,002103
京运通,601908
新兴铸管,000778
富邦股份,300387
丰元股份,002805
有方科技,688159
浙江医药,600216
恒通股份,603223
大烨智能,300670
宁夏建材,600449
苏州固锝,002079
星源材质,300568
红 太 阳,000525
捷捷微电,300623
中色股份,000758
凯恩股份,002012
江苏舜天,600287
三德科技,300515
川投能源,600674
中恒集团,600252
陇神戎发,300534
合兴包装,002228
慈文传媒,002343
杭钢股份,600126
天药股份,600488
生 意 宝,002095
青岛金王,002094
钢研高纳,300034
世运电路,603920
科达洁能,600499
中元股份,300018
中环装备,300140
露笑科技,002617
恒顺醋业,600305
津滨发展,000897
钱江生化,600796
万林物流,603117
和晶科技,300279
国脉科技,002093
道道全,002852
佳创视讯,300264
国联水产,300094
幸福蓝海,300528
力生制药,002393
栖霞建设,600533
江铃汽车,000550
云内动力,000903
超讯通信,603322
江山股份,600389
路通视信,300555
万里扬,002434
佳士科技,300193
安利股份,300218
紫光国微,002049
恒信东方,300081
金田铜业,601609
创新医疗,002173
星辉娱乐,300043
平高电气,600312
同德化工,002360
广哈通信,300711
氯碱化工,600618
浙江众成,002522
金洲管道,002443
鲁抗医药,600789
西部超导,688122
安洁科技,002635
南京化纤,600889
吉林化纤,000420
福建水泥,600802
上海凯宝,300039
康泰生物,300601
佳电股份,000922
富祥药业,300497
恩华药业,002262
万马股份,002276
中国天楹,000035
杭氧股份,002430
新亚制程,002388
飞利信,300287
山河智能,002097
方正电机,002196
花园生物,300401
中密控股,300470
恺英网络,002517
东杰智能,300486
柯力传感,603662
天润乳业,600419
广州酒家,603043
珠江钢琴,002678
德尔未来,002631
好莱客,603898
云意电气,300304
金诚信,603979
贝斯特,300580
汇通能源,600605
九典制药,300705
振静股份,603477
博闻科技,600883
世联行,002285
东南网架,002135
陕鼓动力,601369
龙蟠科技,603906
洪城水业,600461
马应龙,600993
奥飞娱乐,002292
鼎信通讯,603421
羚锐制药,600285
塞力斯,603716
仟源医药,300254
精功科技,002006
艾德生物,300685
华锋股份,002806
*ST金鸿,000669
健友股份,603707
万里马,300591
太安堂,002433
川润股份,002272
佐力药业,300181
莱茵生物,002166
乾照光电,300102
四方科技,603339
渤海轮渡,603167
新研股份,300159
葛洲坝,600068
良信电器,002706
金能科技,603113
四方股份,601126
大连电瓷,002606
海思科,002653
天润工业,002283
蔚蓝生物,603739
智能自控,002877
民丰特纸,600235
爱施德,002416
华英农业,002321
贝瑞基因,000710
时代出版,600551
哈药股份,600664
大千生态,603955
上柴股份,600841
长虹华意,000404
向日葵,300111
潍柴动力,000338
鲁北化工,600727
宝泰隆,601011
易德龙,603380
汉嘉设计,300746
恒铭达,002947
华源控股,002787
凯龙股份,002783
长缆科技,002879
龙软科技,688078
德艺文创,300640
迪贝电气,603320
景兴纸业,002067
湘佳股份,002982
恒华科技,300365
引力传媒,603598
东睦股份,600114
岳阳林纸,600963
邦讯技术,300312
奥特维,688516
吉峰科技,300022
金钼股份,601958
安科瑞,300286
晨鸣纸业,000488
苏交科,300284
博彦科技,002649
富春股份,300299
华瑞股份,300626
万邦达,300055
杭电股份,603618
澄星股份,600078
顺络电子,002138
澳洋顺昌,002245
吉大通信,300597
博世科,300422
恒锋信息,300605
三川智慧,300066
华铁应急,603300
广州浪奇,000523
华力创通,300045
林海股份,600099
川环科技,300547
千禾味业,603027
千金药业,600479
航天科技,000901
必创科技,300667
赛福天,603028
江海股份,002484
聚灿光电,300708
读者传媒,603999
尔康制药,300267
易见股份,600093
延安必康,002411
佳都科技,600728
新化股份,603867
ST宇顺,002289
天音控股,000829
润欣科技,300493
特变电工,600089
三超新材,300554
宝色股份,300402
海大集团,002311
金鹰股份,600232
聚飞光电,300303
世纪星源,000005
电连技术,300679
江苏北人,688218
同仁堂,600085
上峰水泥,000672
中国长城,000066
三利谱,002876
豫光金铅,600531
航天电器,002025
朗迪集团,603726
口子窖,603589
永和智控,002795
大金重工,002487
光明乳业,600597
福安药业,300194
丹邦科技,002618
东山精密,002384
华谊集团,600623
塔牌集团,002233
开创国际,600097
漳泽电力,000767
天瑞仪器,300165
初灵信息,300250
东阳光,600673
英特集团,000411
锐科激光,300747
视觉中国,000681
金浦钛业,000545
长春高新,000661
华泰股份,600308
冀中能源,000937
皇氏集团,002329
瑞斯康达,603803
新媒股份,300770
亚世光电,002952
瑞贝卡,600439
双飞股份,300817
太龙药业,600222
道明光学,002632
中航资本,600705
银宝山新,002786
亚翔集成,603929
裕兴股份,300305
海波重科,300517
长春一东,600148
安阳钢铁,600569
新联电子,002546
北巴传媒,600386
迎驾贡酒,603198
贵州茅台,600519
大连重工,002204
新华联,000620
ST亚邦,603188
岱勒新材,300700
正丹股份,300641
ST双环,000707
大悦城,000031
科顺股份,300737
神剑股份,002361
海越能源,600387
光一科技,300356
凤竹纺织,600493
拓维信息,002261
东方时尚,603377
金牛化工,600722
锋龙股份,002931
三花智控,002050
中国西电,601179
江中药业,600750
*ST江特,002176
南天信息,000948
泰山石油,000554
诚益通,300430
安硕信息,300380
江南水务,601199
旭升股份,603305
四通新材,300428
浙江美大,002677
启明星辰,002439
西麦食品,002956
冠豪高新,600433
联创股份,300343
富通鑫茂,000836
渝三峡Ａ,000565
华昌达,300278
恒通科技,300374
金太阳,300606
锦鸡股份,300798
国城矿业,000688
人民同泰,600829
长亮科技,300348
莫高股份,600543
上海环境,601200
新天科技,300259
中建环能,300425
石基信息,002153
浙富控股,002266
金自天正,600560
正泰电器,601877
联环药业,600513
我乐家居,603326
安彩高科,600207
超声电子,000823
现代制药,600420
云天化,600096
中联重科,000157
建业股份,603948
东宝生物,300239
黄河旋风,600172
广日股份,600894
联诚精密,002921
ST南糖,000911
天源迪科,300047
兆丰股份,300695
清溢光电,688138
长海股份,300196
三维工程,002469
迪威迅,300167
芯源微,688037
永清环保,300187
泰胜风能,300129
南大光电,300346
联明股份,603006
朗科智能,300543
神火股份,000933
大胜达,603687
可立克,002782
丹化科技,600844
润禾材料,300727
创业慧康,300451
苏盐井神,603299
三美股份,603379
奥克股份,300082
云海金属,002182
新金路,000510
沃尔核材,002130
天奈科技,688116
泰和科技,300801
精锻科技,300258
红日药业,300026
新黄浦,600638
大湖股份,600257
先达股份,603086
先河环保,300137
英派斯,002899
香溢融通,600830
海峡环保,603817
*ST实达,600734
宏润建设,002062
延长化建,600248
映翰通,688080
神奇制药,600613
永高股份,002641
德宏股份,603701
海容冷链,603187
金安国纪,002636
德展健康,000813
威孚高科,000581
科大智能,300222
科隆股份,300405
开开实业,600272
科远智慧,002380
海格通信,002465
继峰股份,603997
大众公用,600635
金石亚药,300434
永吉股份,603058
华邦健康,002004
融钰集团,002622
神宇股份,300563
德赛西威,002920
万兴科技,300624
XD康惠制,603139
荣盛石化,002493
海利尔,603639
重庆钢铁,601005
天宝退,002220
红 宝 丽,002165
紫鑫药业,002118
安道麦A,000553
电魂网络,603258
华中数控,300161
顾地科技,002694
中航电测,300114
艾华集团,603989
力合科技,300800
通光线缆,300265
华兴源创,688001
中国核建,601611
三环集团,300408
银河电子,002519
皇马科技,603181
沙钢股份,002075
联泰环保,603797
联创电子,002036
越博动力,300742
合金投资,000633
华建集团,600629
中钢天源,002057
*ST恒康,002219
广电运通,002152
银都股份,603277
齐峰新材,002521
佰仁医疗,688198
爱普股份,603020
兴蓉环境,000598
蓝科高新,601798
威派格,603956
中天金融,000540
锦泓集团,603518
药明康德,603259
快意电梯,002774
越秀金控,000987
川金诺,300505
雄塑科技,300599
贝斯美,300796
金海环境,603311
金隅集团,601992
国机通用,600444
冠城大通,600067
哈尔斯,002615
麦达数字,002137
中盐化工,600328
宏达高科,002144
宜华健康,000150
张家港行,002839
久量股份,300808
科林电气,603050
易华录,300212
三圣股份,002742
超频三,300647
新疆交建,002941
四川九洲,000801
太极集团,600129
海达股份,300320
勘设股份,603458
双鹭药业,002038
金冠股份,300510
东华科技,002140
科蓝软件,300663
恒为科技,603496
罗欣药业,002793
梅雁吉祥,600868
报 喜 鸟,002154
国新健康,000503
银泰黄金,000975
辰欣药业,603367
银江股份,300020
惠程科技,002168
经纬辉开,300120
未名医药,002581
中金岭南,000060
光正集团,002524
新北洋,002376
北纬科技,002148
东北制药,000597
京威股份,002662
四川金顶,600678
紫天科技,300280
鲁银投资,600784
山东章鼓,002598
宇晶股份,002943
和邦生物,603077
大西洋,600558
全柴动力,600218
久吾高科,300631
甘肃电投,000791
东方雨虹,002271
航天动力,600343
兴森科技,002436
世纪鼎利,300050
红宇新材,300345
健盛集团,603558
深冷股份,300540
武汉凡谷,002194
华懋科技,603306
莎普爱思,603168
南方汇通,000920
交运股份,600676
和胜股份,002824
洪涛股份,002325
亚太科技,002540
麒盛科技,603610
捷顺科技,002609
京东方Ａ,000725
英可瑞,300713
五洲新春,603667
锌业股份,000751
赤峰黄金,600988
尚品宅配,300616
惠发食品,603536
多伦科技,603528
九洲药业,603456
昌红科技,300151
杭锅股份,002534
三联虹普,300384
三六五网,300295
双成药业,002693
晨光生物,300138
集智股份,300553
泰禾光电,603656
绿康生化,002868
长青股份,002391
迪安诊断,300244
炬华科技,300360
深南股份,002417
韶能股份,000601
国投中鲁,600962
*ST亚振,603389
上海新阳,300236
路畅科技,002813
海伦钢琴,300329
天保基建,000965
舍得酒业,600702
科华控股,603161
晶盛机电,300316
浩云科技,300448
上海物贸,600822
佛塑科技,000973
佛山照明,000541
招商轮船,601872
兴化股份,002109
通威股份,600438
大华股份,002236
力星股份,300421
双良节能,600481
甘咨询,000779
威帝股份,603023
新宝股份,002705
新华网,603888
快克股份,603203
美好置业,000667
钧达股份,002865
茶花股份,603615
软控股份,002073
得邦照明,603303
北新路桥,002307
攀钢钒钛,000629
中兵红箭,000519
合纵科技,300477
广东鸿图,002101
西部材料,002149
金桥信息,603918
依顿电子,603328
赛升药业,300485
新大正,002968
中天精装,002989
百邦科技,300736
梦百合,603313
广电电气,601616
XD鲁商发,600223
天目湖,603136
金徽酒,603919
鹏博士,600804
泰尔股份,002347
欧亚集团,600697
凯美特气,002549
恒立液压,601100
建龙微纳,688357
正业科技,300410
精准信息,300099
拉卡拉,300773
数码科技,300079
舒泰神,300204
华仁药业,300110
中农立华,603970
青山纸业,600103
科创信息,300730
盐津铺子,002847
积成电子,002339
益盛药业,002566
龙建股份,600853
先导智能,300450
赛为智能,300044
杭萧钢构,600477
宏达股份,600331
东方银星,600753
长盈精密,300115
迈瑞医疗,300760
新宏泽,002836
国电南自,600268
司尔特,002538
桂林三金,002275
雅戈尔,600177
华润双鹤,600062
贵州百灵,002424
晋亿实业,601002
清新环境,002573
国泰集团,603977
*ST博信,600083
奥拓电子,002587
通化东宝,600867
安控科技,300370
旋极信息,300324
创意信息,300366
秀强股份,300160
九阳股份,002242
大龙地产,600159
中山金马,300756
兰州黄河,000929
东方电子,000682
铁流股份,603926
东方精工,002611
天赐材料,002709
帝尔激光,300776
冀东水泥,000401
合盛硅业,603260
恒大高新,002591
绿城水务,601368
天邑股份,300504
哈工智能,000584
美锦能源,000723
国光股份,002749
太原重工,600169
宝利国际,300135
嘉友国际,603871
科创新源,300731
德美化工,002054
三峡新材,600293
吉药控股,300108
数知科技,300038
三友化工,600409
青岛啤酒,600600
远东传动,002406
濮耐股份,002225
科华生物,002022
中京电子,002579
飞力达,300240
艾比森,300389
天玑科技,300245
海川智能,300720
杰瑞股份,002353
红星发展,600367
香山股份,002870
赛腾股份,603283
三雄极光,300625
中泰股份,300435
宏达矿业,600532
劲拓股份,300400
北特科技,603009
哈三联,002900
三木集团,000632
华铭智能,300462
吉鑫科技,601218
森源电气,002358
华神科技,000790
杭齿前进,601177
正海磁材,300224
国盾量子,688027
君正集团,601216
人民网,603000
海南瑞泽,002596
福星股份,000926
迈为股份,300751
雷迪克,300652
老白干酒,600559
南京聚隆,300644
白银有色,601212
正源股份,600321
光华科技,002741
朗科科技,300042
冰山冷热,000530
银龙股份,603969
世纪瑞尔,300150
江苏国泰,002091
宁波韵升,600366
九洲集团,300040
永冠新材,603681
恩捷股份,002812
当虹科技,688039
汇鸿集团,600981
中马传动,603767
龙星化工,002442
良品铺子,603719
东安动力,600178
招商南油,601975
亚太药业,002370
光威复材,300699
贵航股份,600523
米奥会展,300795
纵横通信,603602
天舟文化,300148
新纶科技,002341
隆华科技,300263
大理药业,603963
盾安环境,002011
长江通信,600345
时代新材,600458
如意集团,002193
金宏气体,688106
微光股份,002801
赛特新材,688398
长江健康,002435
广济药业,000952
中源家居,603709
台海核电,002366
菲林格尔,603226
物产中大,600704
太阳电缆,002300
长盛轴承,300718
新乡化纤,000949
天华超净,300390
精华制药,002349
日丰股份,002953
硕贝德,300322
方直科技,300235
西菱动力,300733
振华股份,603067
中鼎股份,000887
蓝晓科技,300487
国中水务,600187
华光环能,600475
阳光照明,600261
ST百花,600721
渤海汽车,600960
赛隆药业,002898
陕国投Ａ,000563
兴发集团,600141
北方国际,000065
新朋股份,002328
百合花,603823
百川股份,002455
本钢板材,000761
丸美股份,603983
中化国际,600500
天坛生物,600161
浙大网新,600797
新时达,002527
睿能科技,603933
蓝思科技,300433
南 京 港,002040
三星新材,603578
华域汽车,600741
东江环保,002672
数源科技,000909
梅轮电梯,603321
金奥博,002917
方盛制药,603998
新美星,300509
洁美科技,002859
翔鹭钨业,002842
迪生力,603335
共进股份,603118
贵绳股份,600992
富瑞特装,300228
中航沈飞,600760
吴通控股,300292
威星智能,002849
华扬联众,603825
ST电能,600877
恒天海龙,000677
华丽家族,600503
三元股份,600429
新华锦,600735
百利电气,600468
黑猫股份,002068
宁波高发,603788
天地源,600665
南京熊猫,600775
横店东磁,002056
容大感光,300576
豪迈科技,002595
通源石油,300164
华金资本,000532
远方信息,300306
闻泰科技,600745
上海亚虹,603159
中电兴发,002298
泰永长征,002927
新诺威,300765
宏创控股,002379
龙韵股份,603729
奥康国际,603001
川大智胜,002253
三维通信,002115
通达股份,002560
新钢股份,600782
中远海控,601919
碧水源,300070
珍宝岛,603567
晶晨股份,688099
垒知集团,002398
新晨科技,300542
宁波华翔,002048
山大华特,000915
嘉化能源,600273
瀛通通讯,002861
广汇物流,600603
华林证券,002945
华平股份,300074
东风科技,600081
北斗星通,002151
亿利洁能,600277
振东制药,300158
生物股份,600201
运达科技,300440
华东数控,002248
九州通,600998
今飞凯达,002863
北京科锐,002350
金风科技,002202
祥和实业,603500
中集集团,000039
中光学,002189
高新发展,000628
顶点软件,603383
湖南黄金,002155
三孚股份,603938
飞鹿股份,300665
迪森股份,300335
雪龙集团,603949
天富能源,600509
金石资源,603505
中达安,300635
郴电国际,600969
龙源技术,300105
优德精密,300549
天奇股份,002009
万顺新材,300057
常熟汽饰,603035
森马服饰,002563
智云股份,300097
天地数码,300743
文科园林,002775
粤桂股份,000833
宝馨科技,002514
天成自控,603085
雷曼光电,300162
清水源,300437
亿通科技,300211
宝德股份,300023
隆基股份,601012
江丰电子,300666
希努尔,002485
瑞泰科技,002066
中信出版,300788
东方电气,600875
华正新材,603186
金盾股份,300411
沃格光电,603773
聚龙股份,300202
ST国重装,601399
长安汽车,000625
首创股份,600008
昇兴股份,002752
扬农化工,600486
中国医药,600056
北大医药,000788
城地股份,603887
万润科技,002654
联赢激光,688518
莱绅通灵,603900
华伍股份,300095
ST金花,600080
文一科技,600520
扬帆新材,300637
恒泰艾普,300157
巨轮智能,002031
朗玛信息,300288
温州宏丰,300283
卧龙电驱,600580
浙江世宝,002703
重庆路桥,600106
四川美丰,000731
远光软件,002063
博威合金,601137
伟星新材,002372
ST地矿,000409
大富科技,300134
东风股份,601515
海辰药业,300584
禾望电气,603063
惠而浦,600983
亚宝药业,600351
酒钢宏兴,600307
长城电工,600192
盛路通信,002446
长飞光纤,601869
洋河股份,002304
安徽合力,600761
迅游科技,300467
山西证券,002500
纳川股份,300198
广田集团,002482
吉林森工,600189
同益股份,300538
工业富联,601138
创力集团,603012
丰林集团,601996
卫宁健康,300253
胜宏科技,300476
我武生物,300357
共达电声,002655
苏利股份,603585
佳隆股份,002495
亚星客车,600213
中国科传,601858
渤海租赁,000415
ST椰岛,600238
深南电路,002916
金莱特,002723
中国通号,688009
中创物流,603967
阳煤化工,600691
腾达建设,600512
漳州发展,000753
渝 开 发,000514
利君股份,002651
名雕股份,002830
上海医药,601607
天银机电,300342
纳尔股份,002825
万丰奥威,002085
三丰智能,300276
贵广网络,600996
环旭电子,601231
成都路桥,002628
星期六,002291
长江传媒,600757
艾格拉斯,002619
号百控股,600640
上工申贝,600843
开能健康,300272
奥士康,002913
通化金马,000766
立昂技术,300603
科泰电源,300153
信维通信,300136
新城市,300778
东方园林,002310
益佰制药,600594
金杯电工,002533
达华智能,002512
日海智能,002313
光环新网,300383
厦门钨业,600549
盘龙药业,002864
碳元科技,603133
中铁工业,600528
华宝股份,300741
中钨高新,000657
吉林高速,601518
飞荣达,300602
京能电力,600578
南钢股份,600282
美利云,000815
中国船舶,600150
宁水集团,603700
浙江交科,002061
理工光科,300557
招商港口,001872
达威股份,300535
高科石化,002778
沃施股份,300483
大庆华科,000985
天地科技,600582
北方稀土,600111
日出东方,603366
日播时尚,603196
天房发展,600322
建科机械,300823
怡球资源,601388
安诺其,300067
嘉泽新能,601619
棕榈股份,002431
康强电子,002119
安正时尚,603839
山东钢铁,600022
龙洲股份,002682
天创时尚,603608
依米康,300249
任子行,300311
万里股份,600847
中恒电气,002364
山鹰纸业,600567
协鑫集成,002506
神马电力,603530
湖北能源,000883
海亮股份,002203
卓胜微,300782
信达地产,600657
苏常柴Ａ,000570
锐明技术,002970
联合光电,300691
开元股份,300338
昂立教育,600661
诚意药业,603811
陕天然气,002267
康德莱,603987
好利来,002729
泸州老窖,000568
润和软件,300339
江西长运,600561
康欣新材,600076
动力源,600405
马钢股份,600808
万向钱潮,000559
飞凯材料,300398
国联股份,603613
四川成渝,601107
元隆雅图,002878
靖远煤电,000552
威唐工业,300707
高斯贝尔,002848
ST金泰,600385
贝肯能源,002828
同方股份,600100
斯达半导,603290
雪迪龙,002658
瑞凌股份,300154
节能风电,601016
中材科技,002080
太钢不锈,000825
南方传媒,601900
深天马Ａ,000050
先锋电子,002767
中大力德,002896
晨化股份,300610
中材节能,603126
新元科技,300472
联建光电,300269
茂化实华,000637
贵州轮胎,000589
科融环境,300152
常铝股份,002160
东方锆业,002167
元成股份,603388
复旦张江,688505
七 匹 狼,002029
中公高科,603860
中科信息,300678
绿色动力,601330
ST云维,600725
蒙草生态,300355
新泉股份,603179
中兴通讯,000063
冀东装备,000856
合肥百货,000417
欧比特,300053
汉得信息,300170
中材国际,600970
中威电子,300270
航发控制,000738
赛摩智能,300466
宏昌电子,603002
沪电股份,002463
彩讯股份,300634
香江控股,600162
粤 传 媒,002181
中光防雷,300414
隆鑫通用,603766
同济科技,600846
亚普股份,603013
中天科技,600522
金现代,300830
瑞尔特,002790
万和电气,002543
博深股份,002282
顺钠股份,000533
富煌钢构,002743
光电股份,600184
宝莱特,300246
章源钨业,002378
泸天化,000912
亿晶光电,600537
龙津药业,002750
雅克科技,002409
泰豪科技,600590
粤宏远Ａ,000573
筑博设计,300564
山东海化,000822
华脉科技,603042
标准股份,600302
通鼎互联,002491
长春燃气,600333
国创高新,002377
银星能源,000862
建发股份,600153
荣晟环保,603165
安达维尔,300719
万隆光电,300710
大连热电,600719
GQY视讯,300076
中国铝业,601600
*ST商城,600306
中简科技,300777
柏堡龙,002776
常宝股份,002478
齐翔腾达,002408
*ST聚力,002247
天龙股份,603266
融捷健康,300247
京汉股份,000615
奥联电子,300585
国民技术,300077
金博股份,688598
金 螳 螂,002081
惠博普,002554
省广集团,002400
思创医惠,300078
金卡智能,300349
赢时胜,300377
风范股份,601700
华峰氨纶,002064
经纬纺机,000666
药石科技,300725
华升股份,600156
泰嘉股份,002843
伊戈尔,002922
奇精机械,603677
万德斯,688178
张江高科,600895
透景生命,300642
海立股份,600619
中远海特,600428
圣阳股份,002580
河钢股份,000709
国药一致,000028
腾龙股份,603158
五矿稀土,000831
北辰实业,601588
万华化学,600309
德赛电池,000049
浪潮信息,000977
友讯达,300514
天沃科技,002564
张 裕Ａ,000869
*ST松江,600225
伟星股份,002003
重庆啤酒,600132
燕京啤酒,000729
民生控股,000416
永安行,603776
晋西车轴,600495
合锻智能,603011
双环传动,002472
华通医药,002758
浙江龙盛,600352
万泽股份,000534
天桥起重,002523
保利联合,002037
欣天科技,300615
华体科技,603679
精研科技,300709
鄂尔多斯,600295
佳禾智能,300793
九 芝 堂,000989
康跃科技,300391
泰晶科技,603738
金通灵,300091
北化股份,002246
金科股份,000656
正川股份,603976
万达信息,300168
华菱钢铁,000932
同为股份,002835
国新文化,600636
苏州龙杰,603332
汉邦高科,300449
华鹏飞,300350
神州泰岳,300002
科沃斯,603486
嘉欣丝绸,002404
红相股份,300427
科斯伍德,300192
亿纬锂能,300014
科伦药业,002422
伊利股份,600887
华荣股份,603855
南山铝业,600219
五矿发展,600058
通合科技,300491
华森制药,002907
日辰股份,603755
博士眼镜,300622
广安爱众,600979
通宝能源,600780
华天酒店,000428
隆基机械,002363
鱼跃医疗,002223
松芝股份,002454
名家汇,300506
方正证券,601901
博思软件,300525
特宝生物,688278
璞泰来,603659
会稽山,601579
东百集团,600693
乐山电力,600644
恒星科技,002132
蠡湖股份,300694
利通电子,603629
京山轻机,000821
桂东电力,600310
平治信息,300571
熙菱信息,300588
安居宝,300155
江苏雷利,300660
高乐股份,002348
阳光股份,000608
美晨生态,300237
中钢国际,000928
雷科防务,002413
维信诺,002387
金轮股份,002722
宋都股份,600077
摩恩电气,002451
鲁西化工,000830
振华重工,600320
德生科技,002908
三特索道,002159
佛慈制药,002644
四创电子,600990
中再资环,600217
中电环保,300172
艾艾精工,603580
启迪环境,000826
巨力索具,002342
中矿资源,002738
龙江交通,601188
财信发展,000838
景津环保,603279
嘉事堂,002462
圣龙股份,603178
聚隆科技,300475
美尚生态,300495
申华控股,600653
南纺股份,600250
兴图新科,688081
宁波海运,600798
新野纺织,002087
日盈电子,603286
如通股份,603036
西藏城投,600773
金山股份,600396
曙光股份,600303
凌钢股份,600231
蓝色光标,300058
长虹美菱,000521
海天精工,601882
中青旅,600138
鸿合科技,002955
*ST雪莱,002076
北方导航,600435
重庆建工,600939
华胜天成,600410
国芳集团,601086
精伦电子,600355
力盛赛车,002858
万通智控,300643
鞍钢股份,000898
国立科技,300716
闽东电力,000993
海鸥股份,603269
ST明科,600091
园城黄金,600766
建设机械,600984
正海生物,300653
康普顿,603798
天铁股份,300587
览海医疗,600896
安靠智电,300617
开滦股份,600997
维宏股份,300508
辰安科技,300523
松炀资源,603863
东风汽车,600006
安科生物,300009
元利科技,603217
华培动力,603121
掌趣科技,300315
合众思壮,002383
华电重工,601226
太空智造,300344
中亚股份,300512
大博医疗,002901
诺力股份,603611
德恩精工,300780
海螺型材,000619
顺丰控股,002352
潍柴重机,000880
宜宾纸业,600793
天顺股份,002800
建投能源,000600
莱茵体育,000558
金龙汽车,600686
英飞拓,002528
悦达投资,600805
金瑞矿业,600714
*ST荣华,600311
坚瑞沃能,300116
金龙机电,300032
京泉华,002885
闽发铝业,002578
中化岩土,002542
宏盛股份,603090
华宏科技,002645
科新机电,300092
普邦股份,002663
广大特材,688186
创业黑马,300688
鼎胜新材,603876
安恒信息,688023
福达合金,603045
新劲刚,300629
四川长虹,600839
晨光文具,603899
龙净环保,600388
旷达科技,002516
小康股份,601127
ST岩石,600696
天龙光电,300029
华铁股份,000976
银河磁体,300127
东岳硅材,300821
中国中冶,601618
申通快递,002468
越剑智能,603095
双杰电气,300444
中贝通信,603220
华工科技,000988
*ST华仪,600290
福能股份,600483
中坚科技,002779
每日互动,300766
广宇集团,002133
珠江啤酒,002461
洲际油气,600759
*ST六化,600470
日上集团,002593
长航凤凰,000520
远 望 谷,002161
中炬高新,600872
郑州煤电,600121
焦点科技,002315
普元信息,688118
会畅通讯,300578
日发精机,002520
康龙化成,300759
诚邦股份,603316
苏博特,603916
神州信息,000555
三 力 士,002224
富满电子,300671
智慧能源,600869
博腾股份,300363
三维股份,603033
横河模具,300539
晓程科技,300139
通达电气,603390
博敏电子,603936
燕麦科技,688312
航天工程,603698
新疆火炬,603080
凤凰光学,600071
特一药业,002728
卫信康,603676
传艺科技,002866
传化智联,002010
海南高速,000886
尚纬股份,603333
亚威股份,002559
东晶电子,002199
益丰药房,603939
瑞和股份,002620
鸣志电器,603728
佛燃能源,002911
皖通高速,600012
中利集团,002309
凤形股份,002760
姚记科技,002605
中国一重,601106
海鸥住工,002084
明牌珠宝,002574
盛和资源,600392
均胜电子,600699
科瑞技术,002957
宝胜股份,600973
启迪设计,300500
银邦股份,300337
华谊兄弟,300027
冰川网络,300533
信雅达,600571
朗进科技,300594
湖南盐业,600929
新筑股份,002480
博迈科,603727
移为通信,300590
山东出版,601019
安奈儿,002875
城市传媒,600229
明阳智能,601615
中远海发,601866
顺网科技,300113
洪汇新材,002802
航天宏图,688066
明泰铝业,601677
华泰证券,601688
剑桥科技,603083
博晖创新,300318
梅安森,300275
美达股份,000782
双箭股份,002381
海信视像,600060
广和通,300638
中通国脉,603559
久立特材,002318
锦富技术,300128
金一文化,002721
宝莫股份,002476
中信国安,000839
瀚川智能,688022
昆仑万维,300418
许继电气,000400
联发股份,002394
中体产业,600158
淳中科技,603516
世嘉科技,002796
高澜股份,300499
深圳机场,000089
万东医疗,600055
东方能源,000958
福日电子,600203
方大特钢,600507
力源信息,300184
中原传媒,000719
天域生态,603717
易联众,300096
桂冠电力,600236
万安科技,002590
建研院,603183
华数传媒,000156
南兴股份,002757
华西能源,002630
郑中设计,002811
阿石创,300706
振江股份,603507
西陇科学,002584
航民股份,600987
海螺水泥,600585
晶华新材,603683
中国汽研,601965
江苏神通,002438
全通教育,300359
中国交建,601800
*ST海源,002529
康弘药业,002773
华虹计通,300330
瑞芯微,603893
宜通世纪,300310
美思德,603041
精工钢构,600496
因赛集团,300781
海通证券,600837
上海三毛,600689
电声股份,300805
民德电子,300656
美力科技,300611
厦门象屿,600057
先进数通,300541
文灿股份,603348
久之洋,300516
中信证券,600030
江苏吴中,600200
永创智能,603901
锦江投资,600650
跃岭股份,002725
潮宏基,002345
三星医疗,601567
华信新材,300717
美芝股份,002856
柳钢股份,601003
光明地产,600708
莲花健康,600186
雄韬股份,002733
中超控股,002471
赛象科技,002337
英洛华,000795
南京公用,000421
开普云,688228
创维数字,000810
云南能投,002053
道森股份,603800
杭州高新,300478
新文化,300336
富临运业,002357
辽宁能源,600758
红豆股份,600400
康恩贝,600572
精艺股份,002295
新 和 成,002001
中文传媒,600373
南华仪器,300417
起步股份,603557
西部资源,600139
东华软件,002065
粤电力Ａ,000539
潜能恒信,300191
金圆股份,000546
天喻信息,300205
万集科技,300552
喜临门,603008
阳光电源,300274
华斯股份,002494
通程控股,000419
宝新能源,000690
宁波精达,603088
东方材料,603110
楚天高速,600035
神州高铁,000008
博通集成,603068
泉峰汽车,603982
双塔食品,002481
厦门信达,000701
吉贝尔,688566
中原内配,002448
华峰测控,688200
新华文轩,601811
*ST乐通,002319
海特生物,300683
黑牡丹,600510
深圳新星,603978
新集能源,601918
柘中股份,002346
广东榕泰,600589
邦宝益智,603398
华安证券,600909
五方光电,002962
永新光学,603297
中国外运,601598
新潮能源,600777
*ST海华,600243
浩丰科技,300419
华远地产,600743
恒实科技,300513
上海电力,600021
首航高科,002665
深圳华强,000062
益民集团,600824
浙江广厦,600052
东信和平,002017
游族网络,002174
雪浪环境,300385
铁岭新城,000809
安妮股份,002235
云赛智联,600602
广西广电,600936
乔治白,002687
海宁皮城,002344
中国联通,600050
斯迪克,300806
滨化股份,601678
天壕环境,300332
凤凰股份,600716
凯发电气,300407
英维克,002837
交控科技,688015
鲁 泰Ａ,000726
卫 士 通,002268
东软集团,600718
永兴材料,002756
华媒控股,000607
天永智能,603895
三全食品,002216
航新科技,300424
*ST天首,000611
浙江东日,600113
金陵药业,000919
上海建工,600170
株冶集团,600961
中国武夷,000797
燕塘乳业,002732
上海石化,600688
青岛中程,300208
信息发展,300469
高德红外,002414
哈投股份,600864
吉视传媒,601929
隧道股份,600820
新安股份,600596
东方通信,600776
东旭蓝天,000040
太平鸟,603877
亚通股份,600692
天奥电子,002935
平煤股份,601666
电科院,300215
宝鼎科技,002552
恒基达鑫,002492
南京医药,600713
三盛教育,300282
海伦哲,300201
北玻股份,002613
宝丰能源,600989
上海家化,600315
东尼电子,603595
凌志软件,688588
上海电气,601727
宁波热电,600982
广汽集团,601238
三钢闽光,002110
齐心集团,002301
明星电力,600101
大族激光,002008
广汇能源,600256
华茂股份,000850
延华智能,002178
清源股份,603628
ST冠福,002102
鸿利智汇,300219
乐凯胶片,600135
曲江文旅,600706
菲达环保,600526
浩洋股份,300833
重庆燃气,600917
圣济堂,600227
世荣兆业,002016
星网锐捷,002396
重药控股,000950
中信特钢,000708
东方网力,300367
太阳能,000591
三泰控股,002312
华贸物流,603128
新 华 都,002264
吉华集团,603980
常山北明,000158
昊华能源,601101
长园集团,600525
*ST时万,600241
朗姿股份,002612
富瀚微,300613
海星股份,603115
浙江富润,600070
捷荣技术,002855
健帆生物,300529
哈空调,600202
现代投资,000900
安博通,688168
玉禾田,300815
华能水电,600025
ST科迪,002770
华润三九,000999
渤海股份,000605
空港股份,600463
集泰股份,002909
中通客车,000957
仙琚制药,002332
盛视科技,002990
大唐电信,600198
轻纺城,600790
洛阳玻璃,600876
市北高新,600604
百润股份,002568
中嘉博创,000889
欧普康视,300595
广深铁路,601333
华峰超纤,300180
昭衍新药,603127
晶方科技,603005
中青宝,300052
东材科技,601208
上实发展,600748
铭普光磁,002902
中航飞机,000768
道氏技术,300409
中科三环,000970
上海机电,600835
京源环保,688096
耀皮玻璃,600819
联创光电,600363
远兴能源,000683
湖南投资,000548
欣锐科技,300745
思维列控,603508
新澳股份,603889
奥普家居,603551
奥赛康,002755
赣能股份,000899
达 意 隆,002209
松发股份,603268
榕基软件,002474
北部湾港,000582
天风证券,601162
元祖股份,603886
养元饮品,603156
延江股份,300658
恒锋工具,300488
西安饮食,000721
山煤国际,600546
中航机电,002013
东湖高新,600133
万孚生物,300482
ST坊展,600149
迪普科技,300768
中油工程,600339
涪陵电力,600452
长城军工,601606
立霸股份,603519
易成新能,300080
众生药业,002317
石化机械,000852
恒逸石化,000703
爱尔眼科,300015
瑞茂通,600180
四维图新,002405
奥佳华,002614
广信材料,300537
朗源股份,300175
慈星股份,300307
凯莱英,002821
湘邮科技,600476
祥源文化,600576
中信海直,000099
德尔股份,300473
汇源通信,000586
昊志机电,300503
汇中股份,300371
汉鼎宇佑,300300
柯利达,603828
苏州科达,603660
中国化学,601117
神力股份,603819
西藏天路,600326
长白山,603099
博实股份,002698
荣盛发展,002146
大通燃气,000593
威华股份,002240
惠泉啤酒,600573
海航投资,000616
老板电器,002508
中航重机,600765
腾信股份,300392
金麒麟,603586
云煤能源,600792
科大国创,300520
*ST敦种,600354
安德利,603031
华宇软件,300271
恒立实业,000622
新日恒力,600165
申科股份,002633
北矿科技,600980
中煤能源,601898
上海雅仕,603329
惠威科技,002888
秦川物联,688528
四通股份,603838
长久物流,603569
天宸股份,600620
迪马股份,600565
华纺股份,600448
东方电热,300217
蓝黛传动,002765
湖北广电,000665
中华企业,600675
爱仕达,002403
百隆东方,601339
新开普,300248
嘉应制药,002198
上港集团,600018
鼎汉技术,300011
大参林,603233
浔兴股份,002098
松霖科技,603992
金丹科技,300829
中国出版,601949
内蒙华电,600863
石英股份,603688
三角防务,300775
千方科技,002373
皖天然气,603689
久远银海,002777
兰石重装,603169
旭光电子,600353
爱柯迪,600933
康斯特,300445
浙江力诺,300838
长方集团,300301
山东墨龙,002490
百傲化学,603360
龙磁科技,300835
台基股份,300046
厚普股份,300471
思美传媒,002712
海尔智家,600690
北陆药业,300016
中颖电子,300327
ST天雁,600698
汇洁股份,002763
兰花科创,600123
金固股份,002488
新余国科,300722
中金黄金,600489
西部黄金,601069
上能电气,300827
昊华科技,600378
晨曦航空,300581
青青稞酒,002646
*ST友谊,000679
阳泉煤业,600348
世名科技,300522
海信家电,000921
XD永鼎股,600105
海翔药业,002099
萃华珠宝,002731
汉王科技,002362
海康威视,002415
皖新传媒,601801
山西路桥,000755
神思电子,300479
北信源,300352
润邦股份,002483
悦心健康,002162
雪人股份,002639
克劳斯,600579
荣安地产,000517
爱婴室,603214
京投发展,600683
淮河能源,600575
海油工程,600583
方正科技,600601
永辉超市,601933
中铝国际,601068
东方铁塔,002545
烽火通信,600498
珠江实业,600684
德马科技,688360
金力永磁,300748
云南白药,000538
日科化学,300214
申万宏源,000166
中国高科,600730
海兴电力,603556
华软科技,002453
ST抚钢,600399
豪尔赛,002963
兰州民百,600738
铁龙物流,600125
福建高速,600033
德力股份,002571
华菱星马,600375
南微医学,688029
惠天热电,000692
中国核电,601985
三峰环境,601827
永太科技,002326
宝通科技,300031
长青集团,002616
华东重机,002685
成都燃气,603053
金信诺,300252
XD鲁信创,600783
中原证券,601375
国网信通,600131
卓易信息,688258
奇信股份,002781
山东矿机,002526
通裕重工,300185
网达软件,603189
亚联发展,002316
陕西金叶,000812
广晟有色,600259
建艺集团,002789
山西焦化,600740
聚光科技,300203
天马科技,603668
ST创兴,600193
钱江摩托,000913
长源东谷,603950
亨通光电,600487
漫步者,002351
国金证券,600109
安井食品,603345
保税科技,600794
厦门港务,000905
航天机电,600151
歌力思,603808
广州港,601228
当代文体,600136
怡达股份,300721
诚志股份,000990
众应互联,002464
阿科力,603722
罗莱生活,002293
强力新材,300429
广州发展,600098
西昌电力,600505
金陵饭店,601007
诺邦股份,603238
襄阳轴承,000678
春秋电子,603890
天际股份,002759
合诚股份,603909
XD再升科,603601
光洋股份,002708
兴瑞科技,002937
丰华股份,600615
太化股份,600281
合康新能,300048
华昌化工,002274
御家汇,300740
通宇通讯,002792
城建发展,600266
中航电子,600372
中际旭创,300308
DR中持股,603903
大唐发电,601991
潞安环能,601699
亚泰集团,600881
万马科技,300698
东旭光电,000413
澄天伟业,300689
万盛股份,603010
华测检测,300012
大众交通,600611
全志科技,300458
大立科技,002214
惠城环保,300779
东方国信,300166
智莱科技,300771
西安银行,600928
普洛药业,000739
中科星图,688568
兴民智通,002355
中国重汽,000951
盘江股份,600395
新国都,300130
建新股份,300107
金发拉比,002762
我爱我家,000560
国林科技,300786
大丰实业,603081
深科技,000021
包钢股份,600010
京蓝科技,000711
晨丰科技,603685
上汽集团,600104
华西证券,002926
远大控股,000626
巨人网络,002558
乾景园林,603778
金运激光,300220
恒银金融,603106
麦捷科技,300319
ST中葡,600084
华凯创意,300592
华辰装备,300809
海澜之家,600398
星光农机,603789
大恒科技,600288
皇庭国际,000056
祥龙电业,600769
德创环保,603177
风神股份,600469
皖能电力,000543
金力泰,300225
中路股份,600818
中成股份,000151
国农科技,000004
恒丰纸业,600356
三五互联,300051
五洲交通,600368
百川能源,600681
华通热力,002893
新 大 陆,000997
西山煤电,000983
睿创微纳,688002
奥马电器,002668
石化油服,600871
浦东建设,600284
天津磁卡,600800
派生科技,300176
*ST宏图,600122
领益智造,002600
中信建投,601066
华锦股份,000059
耐普矿机,300818
江苏国信,002608
中国海诚,002116
小熊电器,002959
中原高速,600020
特 尔 佳,002213
东方明珠,600637
南威软件,603636
*ST科陆,002121
美盈森,002303
苏州高新,600736
凯伦股份,300715
成飞集成,002190
德联集团,002666
苏美达,600710
XD白云山,600332
ST海马,000572
卧龙地产,600173
ST宜化,000422
蓝光发展,600466
航天晨光,600501
保隆科技,603197
南风股份,300004
汇得科技,603192
妙可蓝多,600882
青岛港,601298
炼石航空,000697
新雷能,300593
中海达,300177
海油发展,600968
大东南,002263
星网宇达,002829
新开源,300109
赛意信息,300687
重庆港九,600279
国网英大,600517
航天电子,600879
东方电缆,603606
国电电力,600795
长源电力,000966
法拉电子,600563
金枫酒业,600616
豪美新材,002988
晶瑞股份,300655
福田汽车,600166
中装建设,002822
万润股份,002643
宏和科技,603256
华立股份,603038
海特高新,002023
*ST高升,000971
大东海A,000613
苏大维格,300331
大有能源,600403
宏发股份,600885
恒源煤电,600971
*ST熊猫,600599
凌云股份,600480
爱建集团,600643
利安隆,300596
焦作万方,000612
完美世界,002624
世龙实业,002748
中曼石油,603619
松井股份,688157
国盛智科,688558
御银股份,002177
北方华创,002371
乐普医疗,300003
浙数文化,600633
新坐标,603040
开润股份,300577
大亚圣象,000910
海联金汇,002537
上海贝岭,600171
渝农商行,601077
凯迪股份,605288
海欣股份,600851
澳洋健康,002172
春光科技,603657
理工环科,002322
海峡股份,002320
永福股份,300712
长江电力,600900
永泰能源,600157
锐奇股份,300126
*ST联络,002280
广东骏亚,603386
芒果超媒,300413
亚星锚链,601890
测绘股份,300826
美凯龙,601828
大业股份,603278
南方航空,600029
*ST湘电,600416
鲁阳节能,002088
上海能源,600508
ST运盛,600767
苏宁环球,000718
设研院,300732
地素时尚,603587
中顺洁柔,002511
天津港,600717
闰土股份,002440
北新建材,000786
ST亚星,600319
金时科技,002951
盈峰环境,000967
国睿科技,600562
*ST劝业,600821
三七互娱,002555
拓普集团,601689
南洋股份,002212
山东黄金,600547
东北证券,000686
白云电器,603861
四方精创,300468
泰禾集团,000732
美克家居,600337
杭州园林,300649
大商股份,600694
老凤祥,600612
嘉寓股份,300117
中国铁建,601186
金科文化,300459
仁东控股,002647
华联股份,000882
中创环保,300056
浪潮软件,600756
比音勒芬,002832
天晟新材,300169
*ST金贵,002716
*ST林重,002535
浙能电力,600023
黄山旅游,600054
九牧王,601566
中泰证券,600918
中国国航,601111
嘉凯城,000918
宇瞳光学,300790
兰生股份,600826
恒生电子,600570
*ST辉丰,002496
汇川技术,300124
阳谷华泰,300121
亚太股份,002284
山石网科,688030
*ST东电,000585
深天地Ａ,000023
天合光能,688599
航锦科技,000818
海泰发展,600082
圣莱达,002473
九华旅游,603199
凯乐科技,600260
友好集团,600778
西藏旅游,600749
宝钛股份,600456
凯文教育,002659
国祯环保,300388
同达创业,600647
华电国际,600027
太平洋,601099
硅宝科技,300019
中科海讯,300810
中国建筑,601668
杭州银行,600926
国机汽车,600335
掌阅科技,603533
劲嘉股份,002191
超图软件,300036
埃斯顿,002747
华发股份,600325
厦门国贸,600755
中 关 村,000931
穗恒运Ａ,000531
大连港,601880
美邦服饰,002269
登云股份,002715
畅联股份,603648
*ST联合,600358
赣粤高速,600269
海默科技,300084
光峰科技,688007
航天信息,600271
佳云科技,300242
沃尔德,688028
*ST沈机,000410
*ST辅仁,600781
皖通科技,002331
瑞特股份,300600
和仁科技,300550
盛通股份,002599
汉钟精机,002158
顺发恒业,000631
五矿资本,600390
中粮资本,002423
瀚蓝环境,600323
*ST环球,600146
兴业矿业,000426
中国广核,003816
*ST界龙,600836
龙宇燃油,603003
文山电力,600995
涪陵榨菜,002507
北京君正,300223
杰赛科技,002544
海能实业,300787
东莞控股,000828
鸿远电子,603267
矩子科技,300802
XD财通证,601108
振芯科技,300101
ST生物,000504
*ST华映,000536
英威腾,002334
中科金财,002657
通用股份,601500
ST巴士,002188
绿景控股,000502
拓尔思,300229
高盟新材,300200
惠伦晶体,300460
利群股份,601366
思特奇,300608
景旺电子,603228
溢多利,300381
交建股份,603815
XD纽威股,603699
金 融 街,000402
一汽富维,600742
中国中铁,601390
创元科技,000551
中国动力,600482
华帝股份,002035
*ST雅博,002323
ST中安,600654
搜于特,002503
*ST中南,002445
天准科技,688003
华达科技,603358
哈森股份,603958
苏农银行,603323
博雅生物,300294
景嘉微,300474
龙元建设,600491
汉宇集团,300403
深圳燃气,601139
飞科电器,603868
泰达股份,000652
德新交运,603032
中新集团,601512
中国国贸,600007
科锐国际,300662
岱美股份,603730
皮阿诺,002853
光弘科技,300735
首开股份,600376
国泰君安,601211
中船科技,600072
美亚柏科,300188
同花顺,300033
滨江集团,002244
杰克股份,603337
文峰股份,601010
*ST拉夏,603157
光云科技,688365
ST云投,002200
海航控股,600221
ST安凯,000868
中南传媒,601098
博汇股份,300839
国新能源,600617
酒鬼酒,000799
中储股份,600787
华银电力,600744
天茂集团,000627
复旦复华,600624
福鞍股份,603315
泽达易盛,688555
新兴装备,002933
航天长峰,600855
*ST金正,002470
*ST九有,600462
*ST科林,002499
中国太保,601601
中国中车,601766
锦和商业,603682
能科股份,603859
朗博科技,603655
宇信科技,300674
旗天科技,300061
金财互联,002530
博云新材,002297
容百科技,688005
居然之家,000785
航发科技,600391
七一二,603712
达志科技,300530
华菱精工,603356
安源煤业,600397
中百集团,000759
恒宝股份,002104
威奥股份,605001
旺能环境,002034
远达环保,600292
江苏银行,600919
康拓红外,300455
上海凤凰,600679
福光股份,688010
中国中期,000996
吉祥航空,603885
科大讯飞,002230
外高桥,600648
*ST秦机,000837
XD华联综,600361
朗新科技,300682
北京文化,000802
聚合顺,605166
ST柳化,600423
艾可蓝,300816
弘业股份,600128
东方航空,600115
绿盟科技,300369
贵州燃气,600903
ST中基,000972
三湘印象,000863
*ST东科,000727
麦克奥迪,300341
欣龙控股,000955
华能国际,600011
中国银河,601881
广汇汽车,600297
博汇纸业,600966
上机数控,603185
江山欧派,603208
神州数码,000034
龙头股份,600630
ST安泰,600408
铁汉生态,300197
京沪高铁,601816
科安达,002972
ST罗顿,600209
百大集团,600865
广电网络,600831
维力医疗,603309
紫金银行,601860
千红制药,002550
广宇发展,000537
铂科新材,300811
国海证券,000750
西部证券,002673
华策影视,300133
科达利,002850
国盛金控,002670
陕西煤业,601225
派瑞股份,300831
宝信软件,600845
嘉诚国际,603535
九强生物,300406
*ST毅昌,002420
申能股份,600642
瑞玛工业,002976
西南证券,600369
唐源电气,300789
数字认证,300579
振华科技,000733
张家界,000430
佳力图,603912
峨眉山Ａ,000888
拓斯达,300607
天泽信息,300209
新华传媒,600825
福蓉科技,603327
江河集团,601886
中国石化,600028
*ST大晟,600892
博瑞传播,600880
深高速,600548
粤高速Ａ,000429
东方证券,600958
易事特,300376
ST游久,600652
ST罗普,002333
长鹰信质,002664
招商公路,001965
凤凰传媒,601928
航发动力,600893
隆盛科技,300680
浙矿股份,300837
北汽蓝谷,600733
春兰股份,600854
中国神华,601088
中国海防,600764
文投控股,600715
露天煤业,002128
厦门空港,600897
双汇发展,000895
太极股份,002368
曲美家居,603818
上海瀚讯,300762
*ST胜尔,000890
祥鑫科技,002965
天箭科技,002977
信隆健康,002105
海天味业,603288
浙江鼎力,603338
*ST厦工,600815
陆家嘴,600663
鹏鼎控股,002938
美诺华,603538
*ST刚泰,600687
中旗股份,300575
维科技术,600152
应流股份,603308
汇金股份,300368
吉比特,603444
数据港,603881
中国重工,601989
海印股份,000861
圆通速递,600233
致远互联,688369
三鑫医疗,300453
中微公司,688012
东吴证券,601555
伟明环保,603568
邮储银行,601658
博汇科技,688004
君禾股份,603617
蓝英装备,300293
珠海港,000507
爱旭股份,600732
中海油服,601808
*ST中天,600856
宁波中百,600857
泛微网络,603039
桂林旅游,000978
世茂股份,600823
财富趋势,688318
新乳业,002946
菲利华,300395
通策医疗,600763
大名城,600094
歌华有线,600037
东诚药业,002675
格力电器,000651
双象股份,002395
中广核技,000881
唐山港,601000
郑州银行,002936
洛凯股份,603829
连云港,601008
宝钢股份,600019
浙商中拓,000906
准油股份,002207
海兰信,300065
德邦股份,603056
*ST赫美,002356
方大集团,000055
绝味食品,603517
北京银行,601169
*ST新海,002089
ST中科创,002290
联美控股,600167
公牛集团,603195
盈康生命,300143
江苏有线,600959
东方通,300379
维业股份,300621
*ST德豪,002005
隆利科技,300752
和佳医疗,300273
众合科技,000925
丽鹏股份,002374
阿尔特,300825
XD中衡设,603017
*ST同洲,002052
新凤鸣,603225
中信重工,601608
中信银行,601998
水星家纺,603365
鸿达兴业,002002
德威新材,300325
荣科科技,300290
宇新股份,002986
天安新材,603725
盛洋科技,603703
中核科技,000777
华鲁恒升,600426
南京证券,601990
镇海股份,603637
至纯科技,603690
西安旅游,000610
紫光股份,000938
指南针,300803
阳 光 城,000671
ST天圣,002872
ST景谷,600265
秦港股份,601326
中国石油,601857
老百姓,603883
*ST康盛,002418
*ST华塑,000509
金杯汽车,600609
永东股份,002753
ST瑞德,600666
桂发祥,002820
中房股份,600890
春秋航空,601021
山东华鹏,603021
全信股份,300447
顶固集创,300749
中科软,603927
福瑞股份,300049
金溢科技,002869
*ST天娱,002354
韦尔股份,603501
鞍重股份,002667
中油资本,000617
滨海能源,000695
广电计量,002967
*ST新光,002147
华东电脑,600850
八方股份,603489
*ST勤上,002638
*ST大港,002077
翰宇药业,300199
东阿阿胶,000423
汇嘉时代,603101
锦江酒店,600754
倍加洁,603059
东珠生态,603359
天宜上佳,688033
天味食品,603317
陕西黑猫,601015
中石科技,300684
佳发教育,300559
天迈科技,300807
招商积余,001914
津膜科技,300334
ST凯瑞,002072
中国银行,601988
*ST夏利,000927
石头科技,688169
三诺生物,300298
*ST美丽,000010
国检集团,603060
中国人保,601319
仁和药业,000650
*ST贵人,603555
浦发银行,600000
中国软件,600536
中视传媒,600088
芯瑞达,002983
南华期货,603093
江苏租赁,600901
南京银行,601009
*ST永林,000663
国瓷材料,300285
西仪股份,002265
恒瑞医药,600276
丽江股份,002033
中航光电,002179
虹软科技,688088
嘉麟杰,002486
长沙银行,601577
江阴银行,002807
高能环境,603588
新奥股份,600803
长江证券,000783
ST狮头,600539
苏州银行,002966
济民制药,603222
*ST平能,000780
九鼎投资,600053
荣之联,002642
步 步 高,002251
晶丰明源,688368
宁沪高速,600377
XD今创集,603680
深信服,300454
韵达股份,002120
首旅酒店,600258
富安娜,002327
山东药玻,600529
国恩股份,002768
ST昌鱼,600275
常熟银行,601128
索菲亚,002572
青岛银行,002948
佰奥智能,300836
交通银行,601328
中洲控股,000042
安图生物,603658
青海春天,600381
电光科技,002730
*ST猛狮,002684
捷昌驱动,603583
新智认知,603869
分众传媒,002027
*ST大洲,000571
赛伍技术,603212
*ST索菱,002766
ST八菱,002592
澜起科技,688008
华孚时尚,002042
东港股份,002117
ST宏盛,600817
郑煤机,601717
ST云网,002306
中航高科,600862
三房巷,600370
贵州三力,603439
美亚光电,002690
高伟达,300465
中新赛克,002912
贵阳银行,601997
烽火电子,000561
*ST西发,000752
万通地产,600246
龙溪股份,600592
中孚信息,300659
晶科科技,601778
贝仕达克,300822
ST沪科,600608
华联控股,000036
欢瑞世纪,000892
道恩股份,002838
东兴证券,601198
平安银行,000001
上海临港,600848
云南城投,600239
爱乐达,300696
中源协和,600645
国元证券,000728
金发科技,600143
三棵树,603737
神开股份,002278
汇纳科技,300609
城投控股,600649
宝钢包装,601968
大秦铁路,601006
宇通客车,600066
招商银行,600036
开山股份,300257
恒力石化,600346
金种子酒,600199
华侨城Ａ,000069
锦龙股份,000712
理邦仪器,300206
新华保险,601336
广联达,002410
徐家汇,002561
优刻得-W,688158
万 科Ａ,000002
迪威尔,688377
森特股份,603098
ST山水,600234
中南建设,000961
国电南瑞,600406
亚厦股份,002375
弘宇股份,002890
荣泰健康,603579
全 聚 德,002186
三只松鼠,300783
朝阳科技,002981
兆易创新,603986
科信技术,300565
贝达药业,300558
春风动力,603129
宣亚国际,300612
以岭药业,002603
中国平安,601318
星宇股份,601799
中芯国际,688981
力合微,688589
伟思医疗,688580
山大地纬,688579
孚能科技,688567
奇安信,688561
芯朋微,688508
慧辰资讯,688500
艾迪药业,688488
震有科技,688418
三生国健,688336
恒誉环保,688309
寒武纪,688256
君实生物,688180
埃夫特,688165
大地熊,688077
德林海,688069
爱博医疗,688050
沪光股份,605333
法狮龙,605318
起帆电缆,605222
国光连锁,605188
力鼎光电,605118
同庆楼,605108
冠盛股份,605088
金鸿顺,603922
火炬电子,603678
徕木股份,603633
建霖家居,603408
台华新材,603055
出版传媒,601999
退市锐电,601558
国联证券,601456
中国北车,601299
*ST二重,601268
ST庞大,601258
华钰矿业,601020
招商证券,600999
广汽长丰,600991
*ST宜生,600978
*ST信联,600899
*ST秋林,600891
*ST北科,600878
*ST中川,600852
上药转换,600849
中西药业,600842
新湖创业,600840
东方明珠,600832
ST鞍一工,600813
济南高新,600807
退市昆机,600806
*ST龙科,600799
*ST达曼,600788
东方锅炉,600786
S*ST龙昌,600772
S*ST金荔,600762
*ST哈慈,600752
退市大控,600747
ST生态,600709
*ST工新,600701
*ST数码,600700
*ST上普,600680
*ST航通,600677
*ST华圣,600672
*ST斯达,600670
*ST鞍成,600669
*ST花雕,600659
退市博元,600656
ST国嘉,600646
浦东金桥,600639
华联商厦,600632
百联股份,600631
上电股份,600627
PT水仙,600625
*ST鹏起,600614
*ST毅达,600610
上实医药,600607
*ST上航,600591
太行水泥,600553
卓郎智能,600545
*ST信威,600485
包头铝业,600472
士兰微,600460
退市吉恩,600432
退市海润,600401
承德钒钛,600357
S兰铝,600296
S*ST国瓷,600286
外运发展,600270
海正药业,600267
路桥建设,600263
*ST梦舟,600255
天方药业,600253
*ST成城,600247
退市华业,600240
S山东铝,600205
S*ST云大,600181
ST天成,600112
莱钢股份,600102
S*ST精密,600092
退市长油,600087
退市保千,600074
*ST联谊,600065
武钢股份,600005
ST东北高,600003
齐鲁石化,600002
邯郸钢铁,600001
科拓生物,300858
协创数据,300857
科思股份,300856
图南股份,300855
申昊科技,300853
交大思诺,300851
美瑞新材,300848
盛弘股份,300693
华大基因,300676
正元智慧,300645
暴风集团,300431
欣泰退,300372
天翔环境,300362
千山药机,300216
大华农,300186
神雾环保,300156
盛运环保,300090
甘源食品,002991
*ST欧浦,002711
冀凯股份,002691
*ST奋达,002681
长生退,002680
宜昌交运,002627
世纪华通,002602
天茂退,002509
*ST利源,002501
雏鹰退,002477
*ST康得,002450
*ST北讯,002359
华明装备,002270
*ST德奥,002260
*ST兆新,002256
泰和新材,002254
印纪退,002143
贤丰控股,002141
众和退,002070
国光电器,002045
华信退,002018
*ST皇台,000995
*ST银亿,000981
中弘退,000979
中原油气,000956
*ST凯迪,000939
电广传媒,000917
华北高速,000916
扬子石化,000866
*ST龙涤,000832
*ST长兴,000827
*ST节能,000820
辽河油田,000817
*ST银河,000806
*ST炎黄,000805
*ST盐湖,000792
*ST创智,000787
*ST大菲,000769
*ST华信,000765
锦州石化,000763
*ST斯太,000760
长城信息,000748
*ST环保,000730
S*ST佳纸,000699
华泽退,000693
ST宏业,000689
*ST华讯,000687
ST银山,000675
*ST盈方,000670
*ST南华,000660
ST海洋,000658
ST九州,000653
风华高科,000636
*ST比特,000621
吉林化工,000618
金马集团,000602
国恒退,000594
PT粤金曼,000588
*ST金洲,000587
S*ST托普,000583
盐湖集团,000578
长城股份,000569
宏源证券,000562
PT南洋,000556
S湘火炬,000549
TCL通讯,000542
*ST猴王,000535
美的电器,000527
白云山A,000522
攀渝钛业,000515
烯碳退,000511
琼民源A,000508
小天鹅A,000418
ST五环,000412
石油大明,000406
ST鑫光,000405
东方盛虹,000301
ST中侨,000047
泛海控股,000046
新都退,000033
深深房Ａ,000029
招商地产,000024
神城A退,000018
PT中浩A,000015
*ST石化A,000013
PT金田A,000003
值得买,300785
司太立,603520
大连圣亚,600593
瑞达期货,002961
天宇股份,300702
科博达,603786
捷佳伟创,300724
上海银行,601229
S佳通,600182
珀莱雅,603605
铂力特,688333
华夏银行,600015
ST南化,600301
重庆百货,600729
豫园股份,600655
东方创业,600278
云南旅游,002059
卫光生物,002880
博济医药,300404
多喜爱,002761
天下秀,600556
新能泰山,000720
迈克生物,300463
工商银行,601398
茂业商业,600828
宝兰德,688058
腾邦国际,300178
康辰药业,603590
金辰股份,603396
力帆股份,601777
宁波港,601018
美的集团,000333
浙江东方,600120
中交地产,000736
用友网络,600588
招商蛇口,001979
永贵电器,300351
*ST江泉,600212
农业银行,601288
家家悦,603708
*ST交昂,600530
金地集团,600383
中国电影,600977
中润资源,000506
*ST仁智,002629
华海药业,600521
信邦制药,002390
壹网壹创,300792
上海电影,601595
*ST金宇,000803
友邦吊顶,002718
全新好,000007
XD新城控,601155
*ST中新,603996
浙商银行,601916
城发环境,000885
光大银行,601818
吉林敖东,000623
汇顶科技,603160
美吉姆,002621
联化科技,002250
兴业银行,601166
宝鹰股份,002047
大同煤业,601001
新光光电,688011
深华发Ａ,000020
田中精机,300461
高鸿股份,000851
大智慧,601519
视源股份,002841
三江购物,601116
亿嘉和,603666
仙乐健康,300791
岭南股份,002717
航天发展,000547
兴齐眼药,300573
王府井,600859
*ST中商,600280
ST远程,002692
昂利康,002940
中国卫星,600118
九安医疗,002432
嘉美包装,002969
皖仪科技,688600
*ST天润,002113
福斯特,603806
ST厦华,600870
南京新百,600682
和顺石油,603353
XD北方股,600262
聆达股份,300125
玉龙股份,601028
中兴商业,000715
英唐智控,300131
荣丰控股,000668
*ST当代,000673
保利地产,600048
龙马环卫,603686
沪宁股份,300669
建设银行,601939
锐新科技,300828
中山公用,000685
横店影视,603103
*ST尤夫,002427
*ST中珠,600568
XD民生银,600016
锦州港,600190
诚迈科技,300598
南都物业,603506
方邦股份,688020
风语筑,603466
正裕工业,603089
上海天洋,603330
白云机场,600004
*ST金钰,600086
戴维医疗,300314
*ST富控,600634
华创阳安,600155
*ST经开,600215
克来机电,603960
国茂股份,603915
同大股份,300321
上海九百,600838
深桑达Ａ,000032
第一创业,002797
精测电子,300567
双林生物,000403
西藏珠峰,600338
*ST长城,002071
ST摩登,002656
华图山鼎,300492
兴业科技,002674
移远通信,603236
*ST安通,600179
奥福环保,688021
鲍斯股份,300441
和科达,002816
创源文化,300703
锦浪科技,300763
英杰电气,300820
豪能股份,603809
万达电影,002739
*ST目药,600671
中国卫通,601698
兴业证券,601377
基蛋生物,603387
ST中捷,002021
营口港,600317
南极电商,002127
奥美医疗,002950
华阳国际,002949
木林森,002745
博创科技,300548
*ST海创,600555
中国人寿,601628
南宁百货,600712
新华百货,600785
通葡股份,600365
欧普照明,603515
密尔克卫,603713
嘉元科技,688388
京北方,002987
*ST长动,000835
金逸影视,002905
宋城演艺,300144
宏达电子,300726
中潜股份,300526
青农商行,002958
中直股份,600038
实丰文化,002862
银之杰,300085
*ST群兴,002575
永悦科技,603879
广发证券,000776
丰山集团,603810
华西股份,000936
盈趣科技,002925
大东方,600327
华夏幸福,600340
XD成都银,601838
*ST众泰,000980
*ST美讯,600898
乐鑫科技,688018
中银证券,601696
上海机场,600009
天虹股份,002419
蓝海华腾,300484
振德医疗,603301
弘信电子,300657
绿庭投资,600695
浙商证券,601878
长荣股份,300195
凯撒文化,002425
飞天诚信,300386
ST仰帆,600421
杰恩设计,300668
新力金融,600318
绿地控股,600606
无锡银行,600908
金亚退,300028
*ST海陆,002255
*ST安信,600816
雷赛智能,002979
太龙照明,300650
宁波银行,002142
高争民爆,002827
新日股份,603787
跨境通,002640
永安药业,002365
格力地产,600185
心脉医疗,688016
*ST济堂,600090
普丽盛,300442
东方生物,688298
国投资本,600061
强生控股,600662
亿联网络,300628
龙力退,002604
南卫股份,603880
坤彩科技,603826
*ST天夏,000662
杭州解百,600814
华致酒行,300755
汉商集团,600774
迪瑞医疗,300396
中国中免,601888
乐视退,300104
*ST 中绒,000982
ST康美,600518
众信旅游,002707
*ST中昌,600242
*ST新亿,600145
万里石,002785
北京城乡,600861
*ST瀚叶,600226
原尚股份,603813
集友股份,603429
元力股份,300174
彤程新材,603650
帝科股份,300842
XD三人行,605168
卓越新能,688196
爱迪尔,002740
星徽精密,300464
普利特,002324
麦迪科技,603990
广东甘化,000576
云涌科技,688060
退市银鸽,600069
百联股份,600827
鄂武商Ａ,000501